parameter,count,mean,std,min,25%,50%,75%,max,IQR,95%CI,95%CI/|mean|,range
CO,6.0,137.39762887591198,61.732216661354904,69.3383805149465,99.69390282521607,124.48747177724316,160.72979291449343,241.83250271792164,61.03589008927736,49.396060960344165,0.35951174241118283,172.49412220297515
Dg,6.0,0.7710623879445072,0.11156511777890162,0.6480350637951118,0.6977831198110788,0.7609520492548705,0.8036108579716572,0.9618778944884562,0.10582773816057844,0.0892706864729268,0.1157762171630547,0.3138428306933444
Dhl,6.0,0.5310434343090927,0.20356729372803548,0.2857766499917319,0.429920781339995,0.478629995193118,0.6154985976202338,0.8684181236583621,0.18557781628023884,0.1628877593312981,0.30673151913312163,0.5826414736666302
Eb,6.0,0.044679562679072304,0.014242134765881579,0.017107900893406237,0.04507008623677605,0.04817622975992966,0.051999658510304206,0.057308175838347665,0.006929572273528153,0.011396081254625125,0.25506250668749264,0.040200274944941425
Eo,6.0,0.19216124456112627,0.02746047419578497,0.15855147767101477,0.17121276730974488,0.19574725658901343,0.2055261559040371,0.23110108329201562,0.03431338859429223,0.021972955625682227,0.11434644730713459,0.07254960562100085
FA,6.0,15.0,0.0,15.0,15.0,15.0,15.0,15.0,0.0,0.0,0.0,0.0
H,6.0,0.45,0.0,0.45,0.45,0.45,0.45,0.45,0.0,0.0,0.0,0.0
TR,6.0,0.0023,0.0,0.0023,0.0023,0.0023,0.0023,0.0023,0.0,0.0,0.0,0.0
TS,6.0,2.0,0.0,2.0,2.0,2.0,2.0,2.0,0.0,0.0,0.0,0.0
Tg,6.0,30.50635409158188,10.120601275407873,19.200765670895823,23.31365386576347,29.210587949152583,35.346258391636276,46.67669193652567,12.032604525872806,8.098167611537246,0.26545838900401103,27.475926265629848
Thl,6.0,17.921096316607677,5.568608082536634,7.948980407997295,17.00365159991114,18.309150349370764,22.063813392516032,23.07544370258486,5.060161792604891,4.455814470719309,0.2486351499930312,15.126463294587564
To,6.0,28.72919037810105,8.461520434558498,17.965692214079755,23.136317854550352,28.97842447325531,32.44446552872485,41.66383957915248,9.308147674174496,6.770626454181758,0.23567063203224473,23.698147365072725
To_e,6.0,516.3995430707108,118.78498074794041,321.68580483126874,485.0937770084431,514.0766187600152,579.4343149845936,671.9051725889269,94.34053797615047,95.04778003333394,0.18405860599361337,350.2193677576582
a_CL,6.0,-0.7588033764627328,0.6356779602970407,-1.5985604580728583,-1.1358829686227327,-0.8224177209043639,-0.37835354748355593,0.16127918197733226,0.7575294211391768,0.5086483035305717,0.6703295205428662,1.7598396400501906
a_kbh,6.0,-5.1374265876701304e-05,0.000105359298593052,-0.0002371399494539532,-6.81552470583693e-05,-4.818724185273225e-05,2.266572565372778e-05,5.379670520357704e-05,9.082097271209708e-05,8.430499692876693e-05,1.640996625257861,0.0002909366546575302
a_khe,6.0,-0.0006943764578799609,0.0005374601844840203,-0.0014971375091832628,-0.0009180219955567323,-0.0007556436847064453,-0.0003032925235357659,-3.317696636457798e-05,0.0006147294720209664,0.0004300577149556677,0.6193437436930116,0.0014639605428186848
c_B1corr_1_a,6.0,1.0,0.0,1.0,1.0,1.0,1.0,1.0,0.0,0.0,0.0,0.0
c_B1corr_1_l,6.0,1.0,0.0,1.0,1.0,1.0,1.0,1.0,0.0,0.0,0.0,0.0
c_B1corr_2_a,6.0,1.0,0.0,1.0,1.0,1.0,1.0,1.0,0.0,0.0,0.0,0.0
c_B1corr_2_l,6.0,1.0,0.0,1.0,1.0,1.0,1.0,1.0,0.0,0.0,0.0,0.0
c_BAT_1,6.0,73.12801864891061,5.41446282333846,66.91122960354278,69.50947307610701,73.42646345796226,74.33054038209224,82.1682464017056,4.821067305985224,4.332472575159812,0.059245042532331114,15.257016798162823
c_BAT_2,6.0,8158.577729109454,1523.0600104558039,7048.406843383069,7334.686374171929,7572.7332974851815,8165.6461246011595,11138.9718029293,830.9597504292306,1218.7018252632124,0.149376749934604,4090.564959546231
c_CL,6.0,3.4991046338018434,1.0712972370755378,1.9891247654798,3.019442034422494,3.4672595057472058,3.8944874190933785,5.163917758313821,0.8750453846708846,0.8572163206049063,0.24498161967609539,3.1747929928340213
c_R10_a,6.0,0.5431830526887561,0.0,0.5431830526887561,0.5431830526887561,0.5431830526887561,0.5431830526887561,0.5431830526887561,0.0,0.0,0.0,0.0
c_R10_l,6.0,1.3166499453264073,0.053256789052331895,1.2460593373456446,1.2809383935485172,1.316458806761072,1.3581862847348354,1.3797290212202324,0.07724789118631814,0.04261430644896978,0.03236570707364848,0.13366968387458789
c_R20s_a,6.0,20.0,0.0,20.0,20.0,20.0,20.0,20.0,0.0,0.0,0.0,0.0
c_R20s_l,6.0,20.0,0.0,20.0,20.0,20.0,20.0,20.0,0.0,0.0,0.0,0.0
c_S0_1_a,6.0,45581.592673469044,9430.519960465215,35685.06991812589,38047.46662498874,45053.84629363276,50250.76455275084,60001.71616085858,12203.297927762105,7545.987558008712,0.1655490103662149,24316.64624273269
c_S0_1_l,6.0,21225.392231881386,2478.6480996321934,17275.34402102156,20377.282713717465,21059.51821122106,23171.755490742555,23932.26748269198,2794.47277702509,1983.331544699238,0.09344145554682354,6656.92346167042
c_S0_2_a,6.0,42961.49057153517,9407.15505193738,27677.733042477223,41626.47105702745,43786.81258738137,44287.671472896975,57156.60356365942,2661.200415869527,7527.291737440579,0.17521020889409986,29478.870521182194
c_S0_2_l,6.0,18861.564105539805,2085.2712205374537,15919.586584066008,17522.845584796527,19180.697225621967,20049.992169779987,21578.418075574835,2527.1465849834603,1668.5644854383008,0.0884637390675479,5658.831491508827
c_T1_1,6.0,0.7605433333333332,0.030867724027965962,0.72478,0.7364925,0.759615,0.7808550000000001,0.80253,0.04436250000000008,0.02469932330725773,0.032475892200651814,0.07774999999999999
c_T1_2,6.0,0.4449966666666667,0.07800056580991363,0.35727,0.379545,0.44654499999999997,0.4913075,0.55618,0.11176249999999999,0.06241345138833811,0.14025599754680884,0.19891000000000003
c_T1_3,6.0,0.6210933333333333,0.09522872857844249,0.4655,0.5704674999999999,0.65681,0.687945,0.70743,0.11747750000000012,0.07619885266458487,0.12268502747507333,0.24192999999999998
c_dkhe,6.0,1.1530571671354264,2.151005625605383,-0.3955858280003598,0.17561050493183633,0.42155912328187206,0.7957830099127857,5.456658646644259,0.6201725049809494,1.7211629640858377,1.4926952566990006,5.8522444746446185
c_dose_1,6.0,0.024999999999999998,3.800588715305073e-18,0.025,0.025,0.025,0.025,0.025,0.0,3.0411043377279095e-18,1.216441735091164e-16,0.0
c_dose_2,6.0,0.024999999999999998,3.800588715305073e-18,0.025,0.025,0.025,0.025,0.025,0.0,3.0411043377279095e-18,1.216441735091164e-16,0.0
c_kbh,6.0,0.0003119346895651191,0.00012959844309073606,0.00013618962490346992,0.00024345890010844215,0.0003082592318494789,0.00036413508982513314,0.0005142808834431721,0.00012067618971669099,0.00010370035196359962,0.3324425125918907,0.00037809125853970223
c_khe,6.0,0.0035380959005083972,0.0007679626471777146,0.0023377139405210217,0.0031778620004238563,0.0036355151979924035,0.003950028678129634,0.004539653627134837,0.0007721666777057773,0.0006144980981867934,0.17368045283862849,0.0022019396866138157
c_khe_f,6.0,0.0043156783823766936,0.0014855825316630398,0.0017613250498417392,0.003774219239808562,0.004782784295110816,0.0051030053975859415,0.005919400001077997,0.0013287861577773795,0.0011887135966330508,0.2754407282728081,0.004158074951236258
c_khe_i,6.0,0.002760513418640101,0.0010618957577637443,0.0009167899876748954,0.002745990569868603,0.00284549451500703,0.0029699935412699076,0.004230985689304989,0.0002240029714013045,0.000849693570405439,0.30780273142958303,0.003314195701630094
c_t_scan2,6.0,7260.333333333333,1509.5730080611097,6206.0,6491.25,6653.5,7190.75,10242.0,699.5,1207.9099757478252,0.16637114582633836,4036.0
c_tmax,6.0,10317.433333333332,1524.6436523550894,9208.1,9495.1,9731.6,10318.35,13303.1,823.25,1219.9690026954695,0.11824345874414531,4095.0
c_vol,6.0,977.13512085,133.880873152962,809.0765773,879.2079911000001,974.2868864,1083.67053035,1137.513604,204.46253924999996,107.12700967739183,0.1096337726395538,328.43702669999993
d_B1corr_1_a,6.0,1.0,0.0,1.0,1.0,1.0,1.0,1.0,0.0,0.0,0.0,0.0
d_B1corr_1_l,6.0,1.0,0.0,1.0,1.0,1.0,1.0,1.0,0.0,0.0,0.0,0.0
d_B1corr_2_a,6.0,1.0,0.0,1.0,1.0,1.0,1.0,1.0,0.0,0.0,0.0,0.0
d_B1corr_2_l,6.0,1.0,0.0,1.0,1.0,1.0,1.0,1.0,0.0,0.0,0.0,0.0
d_BAT_1,6.0,75.87990715231273,5.539736793107477,69.9513370646614,71.80085263350779,75.60544388349575,77.71782012851027,85.16261698852986,5.916967495002481,4.432712627795546,0.05841747564210669,15.21127992386846
d_BAT_2,6.0,7424.976109870863,169.95891031898253,7153.218955615248,7379.92195372992,7403.704716618215,7548.428579233925,7620.564037500527,168.50662550400557,135.99545179017824,0.018315944695011754,467.3450818852789
d_CL,6.0,2.7403012573391106,0.8801946767997985,1.7128419726769488,2.128098358828783,2.5792916892098994,3.3554753258442656,3.9784784061804497,1.2273769670154824,0.7043024252746639,0.25701642233254174,2.265636433503501
d_R10_a,6.0,0.5431830526887561,0.0,0.5431830526887561,0.5431830526887561,0.5431830526887561,0.5431830526887561,0.5431830526887561,0.0,0.0,0.0,0.0
d_R10_l,6.0,1.3351113043906737,0.050370115148721264,1.2794759266604399,1.2918526074588972,1.3318950708859136,1.38068867285368,1.3919434314189472,0.08883606539478284,0.040304486263869434,0.03018810950916474,0.11246750475850731
d_R20s_a,6.0,20.0,0.0,20.0,20.0,20.0,20.0,20.0,0.0,0.0,0.0,0.0
d_R20s_l,6.0,20.0,0.0,20.0,20.0,20.0,20.0,20.0,0.0,0.0,0.0,0.0
d_S0_1_a,6.0,46376.915819168054,11625.721037951458,32078.808015844854,41331.47135269409,43476.021548684985,50272.186563776064,66076.44761228989,8940.715211081973,9302.514248740763,0.2005850127035817,33997.639596445035
d_S0_1_l,6.0,20995.357304942365,2735.692130062423,18353.988711550468,18936.428046001973,20086.80761469524,23227.727931075457,24616.870329073503,4291.299885073484,2189.0096052535196,0.10426160286103922,6262.881617523035
d_S0_2_a,6.0,42093.25965318856,8303.851692865377,35198.95018354111,36567.92843545605,40708.820900073595,42376.8649398589,57822.45536840548,5808.9365044028455,6644.465185440381,0.1578510488421408,22623.50518486437
d_S0_2_l,6.0,20137.221627581777,2448.0302714415443,16966.056674721738,18318.857368723784,20492.988511413645,21584.796983845772,23328.415938791324,3265.939615121988,1958.8321797068022,0.0972742027640897,6362.359264069586
d_T1_1,6.0,0.7498883333333334,0.02822308446408129,0.71842,0.7244200000000001,0.75091,0.774175,0.78157,0.04975499999999988,0.02258317092879366,0.030115378416955847,0.06315000000000004
d_T1_2,6.0,0.42198833333333335,0.014754003411503822,0.39223,0.4250125,0.427535,0.4289775,0.431,0.003964999999999996,0.0118056614736791,0.027976274558172854,0.03876999999999997
d_T1_3,6.0,0.5675166666666667,0.05068476049728031,0.48958,0.5565800000000001,0.56267,0.58331,0.64544,0.02672999999999992,0.04055625497814665,0.07146266772455431,0.15586
d_dkhe,6.0,0.5771310331943578,0.2708962534783115,0.24750912598087088,0.3901813581170592,0.5581817070968667,0.7236284711159319,0.9859550247454654,0.3334471129988727,0.21676214745614852,0.37558567290411243,0.7384458987645945
d_dose_1,6.0,0.024999999999999998,3.800588715305073e-18,0.025,0.025,0.025,0.025,0.025,0.0,3.0411043377279095e-18,1.216441735091164e-16,0.0
d_dose_2,6.0,0.024999999999999998,3.800588715305073e-18,0.025,0.025,0.025,0.025,0.025,0.0,3.0411043377279095e-18,1.216441735091164e-16,0.0
d_kbh,6.0,0.00026056042368841775,5.232518705884858e-05,0.00018170816911105515,0.0002337084167579889,0.00027385477410365967,0.0002792246385626203,0.00033260393378709284,4.5516221804631414e-05,4.1868869603354494e-05,0.1606877553032457,0.0001508957646760377
d_khe,6.0,0.0028437194426284367,0.00048577564813782496,0.0021742336866629507,0.0024872238379906554,0.003031866286563668,0.0031082835812675266,0.003384918028011868,0.0006210597432768712,0.0003887014726864345,0.1366877009242373,0.0012106843413489175
d_khe_f,6.0,0.0045595872385636674,0.0013424779598350566,0.0027123763661270643,0.0035197804601725564,0.005040988388685474,0.005423091450083184,0.005999999999999987,0.0019033109899106275,0.0010742060908926299,0.2355928365197854,0.003287623633872923
d_khe_i,6.0,0.0028437194426284367,0.00048577564813782496,0.0021742336866629507,0.0024872238379906554,0.003031866286563668,0.0031082835812675266,0.003384918028011868,0.0006210597432768712,0.0003887014726864345,0.1366877009242373,0.0012106843413489175
d_t_scan2,6.0,6585.0,146.07258469678698,6338.0,6539.5,6592.0,6697.0,6734.0,157.5,116.8824106527582,0.017749796606341413,396.0
d_tmax,6.0,9586.1,166.20830304169525,9322.1,9542.35,9563.1,9704.6,9781.1,162.25,132.99434093223667,0.013873665091354842,459.0
d_vol,6.0,948.66549235,180.9370563649746,777.1865245,810.2400302000001,889.90794305,1104.44102495,1175.354432,294.20099474999984,144.77979812742643,0.1526141714808063,398.16790750000007
dose_tolerance,6.0,0.09999999999999999,1.5202354861220293e-17,0.1,0.1,0.1,0.1,0.1,0.0,1.2164417350911638e-17,1.216441735091164e-16,0.0
dt,6.0,0.09999999999999999,1.5202354861220293e-17,0.1,0.1,0.1,0.1,0.1,0.0,1.2164417350911638e-17,1.216441735091164e-16,0.0
field_strength,6.0,3.0,0.0,3.0,3.0,3.0,3.0,3.0,0.0,0.0,0.0,0.0
r_CL,6.0,-0.20866545998266264,0.1414761997015224,-0.3215027617140382,-0.3083425573512823,-0.26214024654141876,-0.15907268884058937,0.04225065879578268,0.14926986851069293,0.1132045366721624,0.5425168913032766,0.36375342050982085
r_kbh,6.0,-0.06967792968988967,0.30134099089969285,-0.4611097886164324,-0.22726518702323037,-0.13924469151873425,0.14811966488324146,0.33422916202205855,0.37538485190647186,0.2411230109877128,3.460536385923934,0.7953389506384909
r_khe,6.0,-0.18215333574679815,0.1207519267033615,-0.3297911321327323,-0.25125576087923496,-0.21446771679461124,-0.09934347863302634,-0.00970627393889337,0.15191228224620862,0.09662166458785545,0.5304413679371988,0.3200848581938389
rate,6.0,1.0,0.0,1.0,1.0,1.0,1.0,1.0,0.0,0.0,0.0,0.0
ve,6.0,0.27643881723248703,0.03697934776134715,0.21956027037476938,0.254376402822534,0.29994418099021214,0.29998389095659805,0.2999999999943605,0.04560748813406407,0.02958964079183576,0.10703866080772101,0.08043972961959112
vh,6.0,0.4973839686682054,0.0672351777479039,0.4545454545557083,0.4545747437152763,0.45464694365415975,0.5374974494135746,0.6007995084095102,0.0829227056982983,0.053799346894246834,0.10816461784705263,0.14625405385380197
weight,6.0,71.0,12.13260071048248,56.0,61.75,71.0,81.0,85.0,19.25,9.70810245791284,0.1367338374353921,29.0
